{
  "type": "APL",
  "version": "1.0",
  "import": [
    {
      "name": "alexa-layouts",
      "version": "1.0.0"
    }
  ],
  "mainTemplate": {
    "parameters": ["payload"],
    "items": [
      {
        "type": "Container",
        "direction": "column",
        "paddingLeft": 50,
        "paddingTop": 60,
        "color": "red",
        "items": [
          {
            "type": "Text",
            "text": "<div align='center' style='color:red'>Welcome to<br/> Anu Calculator,<br/> You can add 2 no.</div>",
            "style": "marginTop:'60px'"
          }
        ]
      }
    ]
  }
}
